{"file_hashes":[{"block_hashes":["sEEXUxjgJBp5wZwR9l+zranC7b7x8JP9X/mzHsWEoPA=","F7OpQIMdzkrnVlDVSwmIMlMTfr7cfEAJOpzZAasHgwI=","JrC6nL0mLM9SkB1bxyRps7fkqEcq3nwP7G5pP5gLD7o=","ce2y4lCQ6q9OtFzsPA9Kb2vuBqcDKig3EKoF+ynGyf8=","oxdBwY76hKJ2GMVI3gzdgdkHrKgi5kscpRqiQ8HtdC0="],"block_size":4096,"path":"_locales/iw/messages.json"},{"block_hashes":["wapGP1Y2/4LksNQqN2d+PJvxwtzy1P8zAszKULiVu0g=","Od7Tc1/pLrTJ+XlJ2+lyjQGy2g1566FyHOJiz/BK0W8=","uz3OkC3BH5QYCaOzTMmeu2OGP9BTMJqJQ17BPzCYKag=","q6ykeAmHSdYrpXygZMXD55l1kPs7ucEjaH8mnur26VA=","WGAbyDOTEz1pbNHm1EN0cmggtCczq+lH4eEDsJAFcG8=","cQA624r1ugiPfiQLHLsY0THOZDOOjjFtiheylSg2zyw=","7ehOq8cUMQL8LgVVfubbTgAjsYH91o0dw9PJdCqT+JA=","gdrmm/c7OJxPTZyOWL3M4aaJIuG2PZDxRBjsSD0IIew=","HaLd3ThG/pjFoyTW1zKs+drhedoo3V9LrMzKsHsOgeg=","DOtOlww+FcRyT5szbQZ5cZE0Y8dgvcSGtiRmtP9bISs=","Gd6liYP3VW4Md6VSMeeuIzutFz+Nj5HDox6wW98hWfE=","OetsBA+O+flWbNlLNwqJF/LY/swCEcngLmvVsKQszv0=","ILOhF8y0IK/FOT6QTeST+bzSw/WmRnuQE2V5SZUItlM=","78ttz8IsVVLDKVc5nGY5FcydJFEQHR8RdQtu94XUKxc=","pVLyDesemT4zyU3KIV25f0fnqMM/5kOFOVB8/Wz0+3I=","nA0nu+gYk2oZNDdAHHKRzP9gzRY2RI81vQOz8utR0Bc=","LMLQfvcVCTj8+5xsvT4DRh8eu0gCQdsLPkQWi/Oh5UA=","QIRawKKFOiEy1OYh2hQYIg3qAYasgwll2/b9fpHSW2g=","C7V0mpeCHwjNJ8TXjNoRHwwIBXCbn5pmWpMZgDabmto=","8+wq/7RoVcZLzSOlZ85MULZ0leQrcAmFLkdHKeKFxiQ=","2nnaWEa5OJuRZ3rEwH0TokuaLXPZytLP+UFRQ1k3LPQ=","HAKhgsqJ7as1V4ta8w40/HcOC7zO/DScJLv7bMZddx8=","qZlgFPwxLJ29zsuIUZ4oAUf1hw/xMAiv+yJJdCxr7uc=","bOSJ+0l6Adf2DBEZ6p/w4KklXCX0TBRThS3niSvGdHw=","45PzeIkRwF2qnKCqrm3LEEB5T8KXEzRw36GKkFfFoMU=","JuSmgHxNnrgxd+pJa061dC7QV0Wc6dY7bhutMVgCuv4=","JMWcMejj4EXV0QgBi8ZElMeLiKL3bMyZrlVt8lVMsYo=","qGDu/VC3y+P1XndXzroQTMYDrKNmRVtknz2EQyX8c7Y=","8znjWJ/0Adff1eAvuZw+rtrXQLfgI1dI7qu4NGoIiDc=","HWR/EOYn0mFHUNtM/7Dz/PpolqcXWNoVDNWlQJvb6QI=","z6PCCdykh6YpV6gO9I8rf5tnXvgW5mKEbHcdd7YSDt4=","aUJiU8sOw1X/ISL4gAV5zg+DGSHV4rzwjpbldEmkCgc=","ZhqbNOsby2xudFZBtqpuV91ipgHOENUGBo+L5h+337s=","aZiIwQoaGNG47PHRyy18PkKYd50kSiXuXbfKXVTMeiE=","p8j50RPiyk91Z0d4f6OGmZ7CcS/M0lS61jtpe9A8R/Y=","61LMQUnPE7AX9WODM2k7mak0vhKe/+COVWO9w4kyGB0=","7L2qa3Pv7f+biWDGWfDfLp6GdN9pY3EvaeXRfo72Wdk=","mzD81cszL0YYti+2Ytvbq5L2siavAGLhvnpeQSfqnAE=","65JtaMhhZz2gnmcLznuLZZxbJ39le8eyWoMCkrKMYP4=","dj/L/d2jgoYODRBcknNl/+QTQldtkC5Ko+VGx3HFjz0=","edfQVo0qbVq9j0i+784W+b74gPfS4rP/8fx8MLvq/4g=","qPBDa/Eqgt15n2Qrclw82yh71UFcKL9j16TbdC53uFA=","mshBvqYr4sb4KpCJaw3zW4rAyuOcSr2NC/EB3ZnMLEw=","pS9uS0b6x57mpup7lrFeWvaBvem6jM2p2pU3/7WvF6Q=","wH300w92Ip51o7VCAfTp2WWtfo8YjiKZyP2/ohEE7vU=","BcDGIm7wYFjy8WbXbu1WJ34pjL8REZltoG7V643SfX0=","sWcBGhXhq6EqiKb67KFwuVGov21Uy73ZwF5EgDqaD2g=","htlgsquGKOL5jRN6JlQgE1svcY0CyXfHtO0dat+iKEU=","QLgVYcfSqo/VwgyKblpj4TLGnMRiEU9J+3UFtBXP3aA=","Mu+J49MLgvDQBVvfoOc/B18n9IYyovuJtI0TGKfpFEM=","m3MsMJQqT2ga9yRFTNxnVEt11IxG/pZ8Pl5yoLS54Q0=","RQrPzvFqGgu7Xx480aBOBUuIp4wERwSZl8g/hfm9ofo=","ZZiHt1/+SPwtXTSsxhQfSCY97hZJvyBuVCfCP/tImZk=","Gaw0F+1HxQJWfV5c0FVVoyPOneG7epukyzthcbMoxYs=","klY6BiYqQXnnjeUsEytEDw3OG2aJkgnDV7MiEk6FyeU=","W7MweCEvzgCpvFhKh5oVRdCa87u0p+Jq1Mz+nKRKnfA=","FanzzUqHVDLfA4+DU1WoC1HaS0AlpM0AdATQ5RyM3jM=","1ZW286GkoGUuZZFR48xw/Ob6qgPnerrglifDdFBnIXI=","UPKWFjqxM6zkZEUZY0uaRz/6qUxkJOdaXNGcqh3l/DY=","clWf27pMxgfb8kG0uTer7YTLO469bF766gwOcRiaZEI=","eJASab4w+oC2M66ItzCUDTWMKBZ5ejJ0oB6wxVnxaog=","fsPD9RN6POV4LJSWJ2oahQZQRkRpwsOjYLaeab6CbVM=","e3veV+ovZLG/c1N77pLksDau9HC55n+vepvfzAFGURU=","GV5ge+Nw0WaHnqneiivJwUwdo7cuzW6LXlwCUCuWJSc=","FHQ/epAca3izhABqB43FLuGDaDwFp37wo2f+ccBpppc=","WE1+TsuIDNb+GoF8EP5edZypehjN2DBjYZ79tIYyT+o=","FvLfcK4WP4x8cpb9Hy4eIl2vn84DZ4N2oIt9ppcnzZA=","VZOHa56tzMBRPTrP0E7Ya9H6j9by/7VyIqXqMMVApro=","AJTUegjxpQra8i4aZJjQPn65D8yTRfV7eI+N5yvgtFA=","Z+IgoFwrFZ0sbfmy8x0QUl86uykp1HOHRjgNq5tdz8M=","3C5eCae+1LhXGXOjCpfBF8KWtOsqNBgD/ri8HTz3M6s=","u97mGkxH4j1CzQSVIja6u3w7+vk2E64oOIV+rmHCRDk=","dEFEZ/ZL/P83nDJORS3bHOEta/CB2KimMnZ1yFMtjwE=","nKpI7zyfRqaIi5gARt8y+IYwZsliYVaKZuoFwlhbT7I=","Ein4/NeWRQ+tZukh5/Nt8MwXJRkecDvw8GBTo3xpMHM=","UAmTGCMoR6dZfE2n//0UTrHC6YOY0xc9YNBKt79E5tM=","1UPBXV2uM13wsSssfkHVXMGAIpaUFEbUgejhAQvFweA=","EOH5KTc2rYmi1BWCOBBx2ylVGzVyI8MuHIh3IESeXHY=","REtezcu/N5MzDxytTkZLQNgFyjWNnRGgM+ZJOTTIQHA=","xUY77KPpa2sIkiTi0vsYIlSRxwjEsUkWwJ4Dd8aWgeY=","dXO6+GukmJVGd7ebjX1VhLuAz+XgOkKJ03MBC0Iklec=","r4pHlm4WmAnBsloD5/j3XyFv5beJpPM9BzFlugN021A=","52E6LFKge5pELiaQT19elJHKF/2qIrwLsuzap+o1TTA=","uRUdNUMRx1Wwfm9h68bpL0hNv9iBz4rcdlnHZSjBI7w=","3evJ2XByrSscQYcT7ft1eGHXgsoIUesctjYBfJrZ0Xo=","RbEoXiWRIIPmz4IjyXr1SPBFOGAY4hDZHlxYwnW9iMo=","+ZHC8e2Pl594CxKDgsFVtDgIZCLd3JP4sZ78/OiAQxY=","hprj9lbXmeMmW5HwIq2iB5oDSyTZlBj6qakgdJrNhqU=","5K6icjWTHCgI0GJT40UrXL4Xcdnz0wL1pkSCMk5AQNA=","T8j4vyla9jE32qW+fTICQo8e64PkK00NlFiA8lylRsk=","Yq3TXEU25rBGLmVE2TxAjZrTJ1gr5/B2U7cMO6yK0G4=","1ywY/YXV9X6e4Cr1ndpPDei98BhT6PU5WqWIAD+e3yo=","s0U//9RkAlLrmeMPQnZgmHHgnEHhUtl/IL5J7OQcrh4=","PT2ZnFaH9Y20n7HluctOfx3FcOD4X57EX3diGsXNxJM=","G5jFZCRvY2Og9adcuxXw4MKsred7t7hl1B8Q8uQcbws=","VyjpYoIHAhiFJI7bQCP5mBiXeOImqi8egaL/WogHH2M=","Ko5bTIkZHFQLMqXXQgOJZF4MvYusJpjeczJPBErxx+Q=","noxHp7NveswJXvXMTGKmwHiSgPCI41JBrgl8eIhgPYQ=","HDoKtRHBcXmyRgcqCRZZtvDnbFdT18yziMRu072+Tjg=","MWDUqOhHnWihRtRiwFIAQtYZhjb6C68gGUb3l5kHdzc=","H5a0z0Ps5R5bBFY3ZIpiI7TyiwXgzrEdL5MH4FWAJZo=","ZbSB2n/H28NdALh3/e+1XROY05VQ/sXBBZhrWmYt5Jg=","3Pta1zIPD+DNYBxdDjC4Fgsq+c8fHbQfMwJaYv8WBKo=","hSwuoocYwEHyF42G5EEH5bg+xXi7R+hShpA2nmfeCdQ=","Se/i0b/jfg5nIvAKYsNFTMhBgg6avCbTARcF1FKjZ4M=","kCB88WjNKdzrtVeB9/39qTR0uWzunM9WcYHkqTydHno=","iqEkoCCHZa8B/6kH3AwxTWSU8L6jO87WI2WWYHJwlfA=","BG1uqT3nY4CXZ9ymchWE0WCZ9YDJ1KlgSX3jnp+kOKU=","iL71ZlORC+E8+ulQ5J5FEMpkB1NiywtjhF9Rx3sRd7I=","sn6zKadTP7Y3lZeXPw+CL9oaPq+u9+fBr/CANDefxso=","gwsLsuvCiPBL2FM9iY5Lv2HytlTmEAtTKyefQxkCZn0=","niRyVA+qDS/PQSnjZ8FwAdD/iwiuNP/VhBhG71sWIq8=","1y/KG3YkdREbp46wGsyRRXKuoFEdMRr9K2QZ7rht77U=","Znn1IDSlPbpb2bOUoJFWORYssFTR9qTg8uAieg9J3e4=","r8DnvTTRxd2EOrpp4O80LCfXWYFIUw4YcpodN2e35Nw=","5NFfl5qmtXUYPeyLrkq/QRoQRNr5Hmoz/mwHEgYKe1Y=","DQ2LjsNPqRhTcFFkQ1xT51pcMGa7jjYtdG+A3X2zHRo=","mjEGJeqXJIBuNY9nvi8Moltljd5yGzVa3VFHAwGB+Gc=","3PWLeyJWKoODTdXcZaiN8LnjIQi1Ssx4bN14KR3SY9Q=","DzGLPNBM3AyZrfn9LTSnOQZHqldgC9+fkr0+hhpDzG8=","kTq6p+UzyaTg82q1MQ4jqSiSm251FNwCXV6JSqP0LhI=","8L4HqD3+0Aj0nuU3VWyjx65PgM1C7/HSudO4fRKVgf8=","cX0lw36dmabOdduaYKGAGis7wRBJIe1xvobNpPLIhJU=","pxouwY3js6rKpvHwdksg6FrspwKwTRl9IyiwunQG0uI=","qwxUnttQ91U/GcX9qmmMJ2oAywG9Oa2/TSwryaCPmpE=","IM5v2nga8PUA4wJ6iVmMEhxJ8fXRrxdiUx0TrAYa1Uc=","fOqyrXGisRbw96uVqtzSVO9nmY3GkN/YfFFMJNWJARw=","kvgKvrSBHZKfhYo1gUt2YEOfvYQpBT4HBrttKPwV5RI=","ARxuMDEPAdVFLjKPVVSd/N4avpzUyUC3HVLljs6oTh4=","mX2sXW90MLyNa1NpAo/IOS4qfGTf1P9nnyKb6zODegg=","Dwd7TbSHVXxXhy5pI5DBYqOyj4EgBKoAnixe8q5/9XI=","ZP/75N2oaN0U+FabHEKBx7Dby9Kcht2HyamEnfQiDQc=","elE2VARcX0j7M6vvRktQ0oSzOT+s+Dz5Frewkg2rK7g=","4LREAXWs3JoDVtwE/TKqMkNqZaH5tdEqkBEuvbdpuCM=","jAYpzxefSpvDCxZL+LRNP+JNzAK83Q4WXgjUAnbHe2M=","VDJK0iQaW3DxOi0Pihv+gtdQ3VKSReYbVbJAaLhbEIc=","KYrzl+iCjL5UgNPQ40AMwPqsSiZb6Dc2D9u7/MfFf8o=","Xk1JimxZuRcqcDzCCxSQzOn2t9idLQqePcgD0E8KLtw=","0wAuoo/fl1839/tBGKhzj3/xjSh6cyr9GQf9GlYUxdU=","g6WDcDq9M5VF4sLYfL0mIHfvJYD6+Cyi+IY+ldBdfG8=","nAhsBBJ7nVa3dxRTezYIkXIT9EYnKIwru6OuJqwPfVo=","vU8B8oFlINmVSzK5xgc7Vc+FCbaBr+go7rdJ22AFU0k=","N7rL5P/MMlM53oEj4elBQ01A66dlMa8nfbaFGcdUHlw=","CEf1b2Xr2Zj0VG69/jrSM3s66FLJPmLYB847oS5hHrk=","N1jeJY6rf7h96uFCgaZ4aA4CIJwYUAXfEKnu+EyeaZ4="],"block_size":4096,"path":"angular.js"},{"block_hashes":["Ecm+9kGmwFXS0KteGT360Jjz2ZBGc4R3esM114fz3jg="],"block_size":4096,"path":"background_script.js"},{"block_hashes":["lq58K5LY20i18BOhVc3KTXl80vHXE9Ti/CG5a45g3rQ=","89v6lYCB+LRGCxoLLpS+RQpmdL0edwETsVLe65qDAQc=","Q2XyhqWG4aGJxkWbdghcGJ6L+XtulRK2erUftbWmq0k=","Qxr54S5W2oN2ncHLlvy0s4qolbmNsUx0oTYlS82+5S8=","oAXiJIF3c4HFDCiiOmFyl2M3SzDp5VBDqXbJo10zVz0=","jV9QWGaP6qLtyyt7VjYTBTAgySTGDv+93nlMp7FUtJ0=","KgUdieT/gvu5yj1ySygvP7Hp2q/VkWQhdq8WZE/YE4U=","LbgfIG1GfIYzDA8VD+n1eLYq29VzBr4L2Ikc+hQIZHI=","+DT1uMjYDJmLzbeB1IlOz/375bnaAmiXfeZ3KRyz89Y=","Gl2DIoGCnK4f2hdBBMUzBsu+y42ku0X3SvNmkkFsIPE=","0QA9gE8UnS1mtnDFL+jVNmhzT8GO86ArSbe5Y6FcRvA=","tFy9HfYXj3O261UjbOys4ursXxBmWQ0Fy7nH6Kw7FcM=","6nWDbGyJ4j7sTeWf/Uyvtr8K8e/QFxgsNxvX9Tu+12I=","Hku8/Iw4WYBHQICDmJFYBS0RjTqNEXrECxlfmUpps/0=","z+mE9v5dHHa4fRXPH06he5hGp69JBevTHsy00NQDxqw=","GcnFj8S4EakSTP0uWce2ZLs1dKTnFA+7tRmAnHjsXwU=","r/HTosafUIJfIPpgSFqP6pdkuyF+sPPg5Ud3xCYp3xc=","XME8w048arzLUOxl6/7Ak6sFmYOq6BhqIhX8VAuyfGo=","piTf35i2DRcrbfW/Vr79/kTUpFeqxB9xB9F7ddWd0kc=","DHpAb+ngrQ9biX/Q0ibFeaVAfDB03+boLb+8v9jaEPQ=","+ns9+q3T571K5tDps1UupYXLUSJyc5ww3/x5viLT5zs=","cg6hbph94JHEv6rxNPVngmgoIDvkpYxL46wBfjr/PQM=","sTAEQzzWeXunqRU8d2Z0sZbEgWIZIOzSF5b3MjicDaA=","wMv4VBAhEwxv9VkRFlGgP7BAky7IMTRgOzjpsHHndKg=","tbj/ryXVdGJWvzngRrS1cp1FxxvAIGgTXb8WkylwCfY=","Wzf/CVKs7q2SDecWdlfsbpyK9BZz5jBiZXu+n7XrYzk=","DEqTDTrbz6Dt4eavThQht21QzDZg7VyewsYyxptssNw=","gtAqcXDpj9z+4Uwa1/Sl+JqxwaKewPrT0D2skFVp/hU=","yxYKpuKXvmN8TYYyza6azmn0eOHPSN8nUUMShhxYxzg=","d/h3jGCLJpRes2abM8Rgss51DI8YIGqGLZ6jqeeVEnM=","saxXFSlUnqYoJg/ml0TFy2Mcw5CefTc9Ys4G+wCBdSQ=","Ng8HjTPaqc3S+70ze7yVIJxdHUD3KuteRJjwISfOD18=","/4lVRguP7RMXqpVS2Pg0YdXqu5noAYHvIPz59RGmHqg=","TbmiARCvY9tZbbjpunWZjOj3dwhRg9wyzbP1vVXJYuY=","4g1yii+fgQSKU/WaU41hOYrSHurQG8qqyCpqZaD+55Q=","ygPrp0EWkztIMqZ2aD1Bvipc0zUIGuQ5MlwAeVNyv9c=","/DQ67zMOQ/0erDQrOvMsolrv4bmOSd8+rocZdKyo1IU=","7Zh2VX+C0wcwNa6mRNmqUONcIYZvRI1emMu4HlvyUcA=","IrO0MqozSrlfBStEBW4oVa/CiA8oOWjknV8pKJ/y6Zo=","q4GgwdbJ+TnBoepiLMFJBQP8YobeX5bl+3BGMUK0Vwk="],"block_size":4096,"path":"cast_game_sender.js"},{"block_hashes":["lq58K5LY20i18BOhVc3KTXl80vHXE9Ti/CG5a45g3rQ=","89v6lYCB+LRGCxoLLpS+RQpmdL0edwETsVLe65qDAQc=","Q2XyhqWG4aGJxkWbdghcGJ6L+XtulRK2erUftbWmq0k=","Qxr54S5W2oN2ncHLlvy0s4qolbmNsUx0oTYlS82+5S8=","oAXiJIF3c4HFDCiiOmFyl2M3SzDp5VBDqXbJo10zVz0=","jV9QWGaP6qLtyyt7VjYTBTAgySTGDv+93nlMp7FUtJ0=","KgUdieT/gvu5yj1ySygvP7Hp2q/VkWQhdq8WZE/YE4U=","LbgfIG1GfIYzDA8VD+n1eLYq29VzBr4L2Ikc+hQIZHI=","+DT1uMjYDJmLzbeB1IlOz/375bnaAmiXfeZ3KRyz89Y=","Gl2DIoGCnK4f2hdBBMUzBsu+y42ku0X3SvNmkkFsIPE=","AIP8oaNF9eqDZGvgU5w35xfSG2OwYBNmbl/y4SCxLgM="],"block_size":4096,"path":"cast_sender.js"},{"block_hashes":["zDscIij/zR15c9BBDhiSltGo7tEOFtQ0gl+zSXzgvZM=","96wkloZ+zofIDVcW+Zl70Rro6KmAJgM4F7OcN30aR5U=","l8m+rs1KG1TMKlteSC+F4/9Sn+J2fWhBpvXOlUp+k+c=","903MSBv7BsXxhj/6uVslpNomYVPNML0Ktsc0Z7hfNqw=","C+Vjtxj0eD2iACBWZBM9HG+LW5GOA3FpVXcg02ZuXRI=","piZgWRplE0GK7z8Hs+LGr/csmHuL77wJQiOZmGSfRJY=","nq5tzwhLgV6O5ZXbJM+iFFMP4Ky4nXdyPKcmLzvpTm0=","l/gGiukCgdOBRQFt39Cg2zMojcavjHgic1EJRJ7T3Q8=","/1WHg1kRgFrxUMHB+0Ld8tMw8cRkppk9IYDC8kDavoA=","lTFNzJF9qzoOc1hj89OOalk4yF8xM2KhgU15Cy2dd2s=","LRAY6Uv7l8aJjLDa9mAK5xNGUJFb4PYRQcYyGOL0uxQ=","cQKZmTva75kGvkG+cLs6VplzzAKMPmNYTZLEvhr2q0c=","Yzehs8NvGmcJZ4Yy/0ObIaMq/USZc+DyNsmKpP+Uq5g=","K9IzfPdfopMku44ecb6K4ZzLyZQYSMAusJLJpufS06c=","mQFvfuIpnWpbYYRPVTuczjriMP63Xs61zOD6yQJONwY=","wfB7R6VPBoMHv3bot5I1bL2+V+X/MUZ+3Glg1OgUH4Q=","SCgDNkDJxmGryLtkVN4YOatcAjBsOCHF+Kx5pCgHTVQ=","ZZXKVWPNkVpuDe2VZevYs60AO3Gf4hJT4r0BYhP8zn4=","0NJS5dNbxPtL5/KJYK2p2a4qhz7JKhn42No4/PRryN8=","Y7VaSfSWwJXS8myKnHUYf7Ltv5qEm9+1i7h31ALLDmk=","VAxdf5i3DkA6Y2/3sw9EPxz9VZhkCcM8zLWT7CCyXv4=","YHM3ZBjXXAMHWUAfgDJVyTqjpjniKP9H5xtk/TyDY1g=","kdusA3BSW5otdmXnqU5xr7S44ZeMdxXQvBe4SGK1g7c=","v4buR3XvajdQWh0TQbD7UO9p+0f4nwAQCFc0XiurxLU=","hKYcAwVk+8OjIPnazO5Ho1gviPwr7F3Dy0thV2KT+Go=","AgH7Ic7nFBX4F5T/YPjWcyoOUzMLB0BMNW4sbjGTySw=","u3B7gYH5rDlmpalDwkWO+Lox3oKHfcZxAJXskWZspM0=","1fcmsf1pVAxqMLKNWE05hOFw6h6mqhC9dvQsNExmyp8=","2dYCsV+pZoG1MC1FxWIs4VpZuu8/xnYtiO0zsUf4PbE=","ISpFr6uDSFiVKK30NVKQlWZ+S6hl5yNW1PcAm8Lt1TQ=","Jb3GJ8ajHhbUgqRuKADA6MzKguifsfv//O+ONC4a2fQ=","/DN3rSHupSYT9rKJLnexmXxD/sUzUdAu+SQat6gmtc4=","lrSDlT30YDTsXXA4lKArNioc+kym62yyFCYzCfkAcvE=","Jhn6wvdu8ElGg+0lwPg3upSfkwhFwdLBr0TE8hkGMlQ=","lzlQHiAuQ7JFQpIHscMVUC06cC0/CJ1b6IAQwhX7Z/I="],"block_size":4096,"path":"cast_setup/cast_app.js"},{"block_hashes":["MgZYQcljW1IzKvY3IiIgWpKHSfmbO6rjKZM1FZ2P188=","DLGphte5LbnDdGH/OckkxlzcocHzrPdl6fr8xFbpNNE="],"block_size":4096,"path":"cast_setup/cast_app_min.css"},{"block_hashes":["dTwALeCXDQcyvhysuprD4451so0ugiH5+n+7R3ARtxo="],"block_size":4096,"path":"cast_setup/cast_app_redirect.js"},{"block_hashes":["taGCF4ENrTOcSVKI7QV/FfANl3uFO87L3JlKRoPD97o=","EltQy9OX8Q4Oy1HWZBAVFi/ap/KEE14lgPhwSpvpDMM="],"block_size":4096,"path":"cast_setup/chromecast_logo_grey.png"},{"block_hashes":["JeWGdbydRffIYOAWNzJqZh9oodNg4lCHBuzPpAjt0j8="],"block_size":4096,"path":"cast_setup/devices.html"},{"block_hashes":["0nkscO9XXZ2CKtbiuAS+wTonSuyWmw+New24s12/qDQ="],"block_size":4096,"path":"cast_setup/index.html"},{"block_hashes":["JeWGdbydRffIYOAWNzJqZh9oodNg4lCHBuzPpAjt0j8="],"block_size":4096,"path":"cast_setup/offers.html"},{"block_hashes":["JeWGdbydRffIYOAWNzJqZh9oodNg4lCHBuzPpAjt0j8="],"block_size":4096,"path":"cast_setup/setup.html"},{"block_hashes":["jPURabN6SLOmQlUQhCRe5xOl9iLF3P5vABINixGdOzI=","KKrHSytUypU5njOQBmnpEbI8femXNw7vwqVjK5loQiI=","2LYFNprJRyk2dZBbTAU+GJ4xjpMU9Lxh52pOTO1q/ws=","rPhZIBmGYMm98o8vnrwuthJC61XCb1Ixxc0TsI2i5SE=","6F5qJ9WQMnuLBEH5ROA/dT5XEXQQz3BDsbtG36NhhdY=","aM9eIcZZmN4OPZYPwdkXdQZeUSOKJZZJRT4wyzf7CCE=","vd7OcI4z8Ohzeb0kgt30CHb4x5SIndloqOVvmNjfRT0="],"block_size":4096,"path":"common.js"},{"block_hashes":["pYL8INvK0ZGAALaQ648jfsFOW4Nv1/eZw1cC2I2+aGI="],"block_size":4096,"path":"feedback.css"},{"block_hashes":["Ddrzt4b3WXKKBrhCr4hvcKqc2bboUcabiZar6MZXnto=","hDP8jzIfoDCj7aPTCp7eM9i5KmZyUwQjbfaRryFEdWc=","h9ZLHndA3y6eGE7uLN+trbR37mHGidGjM9n+ejOCL78=","Xjh0HuCTIcOORHPUEzNEOfp8IehkS+BwB+C2yt7zXKU="],"block_size":4096,"path":"feedback.html"},{"block_hashes":["LQAq3N8is4twhx2JfDm1elvxxnWzJnVSPX22qUo67gY=","ESvR8vfFBBisZpXEsoLjq0zL792EueZsrUNNKXQ/A1k=","zWp5jxACKwatT4PTT08kjIKReA3RwRNQETve8VdoZoM="],"block_size":4096,"path":"feedback_script.js"},{"block_hashes":["TOKLYCDbVR646gVmNXME6MQ+B61pErddr/qwYBPS6lQ=","bKyFNMV852YPBTYUMwP+o1GnqqnRZi57QnglGnXXIac=","PsUvZ5XOFZUkEJ5iHayxDZQkMIb6g4GYL7c+yzxfSvE=","OP9iNtuD8ndZVlJXRqTR95MpSwpQHO0F1RN3B5PEj2M=","aGr2+SWv8kfexhacEf+bqcrtwpYVhMgTLtNAWxrss3c=","yyDTj8I9+mmB95gilnXM2K9+6M+vANpBjsye7umT4TM=","ll6iZUwis4bYw7OLt+9vwXtAF7S2WQEYDd7nGcY1QnE=","TaGmaK497EyNb55TxK64Zfz3dp/SUTd59ehcw/xjkRs=","pQWbei8yftnUj0Wpw0vCltJIvZaSGKnQpugKB8oC/jk=","au2Q+PDFEsO+8b+yAFHMp/bgP+XkmZ7AiIiybjkz9Oo=","c6RekM9miwmNYwES6ja+3RyoAeK8LJpQMRB8Q/uB0gQ=","Jk2LP67+KCGxxrb4Cg7T+kK5YFSxVeUnbT4TBHF14IE=","zEnItA7vpLUq+a5QA+TrEoI8FPgiIjk3c9d1upy1LiY=","3soJnVLhGUOm9cfsarAfVyd6AIn+4Be4HN0pJahLs5k=","LEIVe7ZDkEcse1lcKkKg5/s0Zhn4fIWTppwARihy7Wc=","21RgVMT5NZ7STXcD4bbW7mUOBs+N8qYmOvIwjQPEYY8=","MHu75+VMK3CelAd04ZhUyjRQIXNoozVVSKOLBEM4tiM=","74ridiMO2Xup37WvpPc55ZwAzMmDBe9syX/u8Gq8Mzc=","vdsezZ0cxkY/sYXMXuFO8d5vDH1JZwDpl6tKM9wHsRw=","8yWnpslEpOpJb75yNAkGxnY1ZFkhpgSBKQmfZzXzHfw=","DVEojSTW7iqOLJF0afMiiD8g9n7qBKxc4lYQpBclNe4=","rCMbve3Bg61h74L+exzzaSzoMchMYjHNOZWGZrkpqcQ=","cHiRRHsRLWKBciB35BFIHpUPtqjr6ggJFNWjVJSu4zU=","Y9lQSjDWK1LZqS6dJA4mI+/U8KhtuGA+g0s6pAdLPLk=","qtTVrxshDprbJZriGLUXKVmNXod406XDC0Z/4QzBBoQ=","LcCiZVoiwgJP6b+LrldgWxiPMBFzgHqadE9XQrB+98w=","xTUVQXO9Rm98Q1I12rrOcq4ZOmn2WG5Znc0qlaY9n/U=","oHSfc1HRyI0gp1iJpMZX3MOcyfk85eCQuv2xoNX0JYQ=","tvukj60I6TIj6/Eao08Ahc0j1kPjM45SvX86jQYRx4A=","sgB1ddOB4Um+9I98Nt45sbWGdo1fE95jWLwc5ZVH/Y8=","9K4vP3bCgj4mFxQrcdZ+79eZIcMPaihbwmspdOI0zi8=","2AEcd+QQi2vyYm+U9ikrkNCCeM40fG/BAkcjWZiQL8c=","5tT8Qhcij+iR7Hg83/nLIK9JT0JUSGpE7H9Nj0PBHaw=","Rzkbf1FVpzKJbZy3amM5afFPx9LiKAq7XmPMUF3DHYY=","ciWvzccCW5oh1S9K9WpMg+E7Fll62gJla5AQWz08+pw=","oR4n4ZgvpsPyCSiritHGFjEsfETezQXERctjaC7Ioms=","PbC1y2tyR+UadLOmqF4ZhX/l4hxAG6h1arsSinBQxvY=","ZBXa5nNjUjG7xsKIMLxlpVbM1AHEmpDrK0fbPE7WR0k=","Dp2GsPB8XrDTlLykh495HOCJwB6vfNtVN0yhIaa9XWc=","PWdpeC0P2Uw93OWz9WU0Gt6sTdPGuxybqL+kSizd6wM=","1X+atAhtyE5pO+1tN9BlrPrGDNnffs3BBMCWIhfq9/I=","Eyw5lZ3mvdiBmb3y1Uc32rfnJ9E+D59ilreUAInEdus=","GNj+7axLAovRZrzO9wYH63IxbeVypQs6G98mUzOHXhI=","4ghfRDv4nJ1rSwEXFQCgmkCoNt+EZjANLseB4IXukyM=","LI1gI5FlzE8PFe1vRaTw1t0ntDGFiYwVGNzOqJKAcwE=","B1xwWUYCSEfd42PV8RDZVNnk2CuO7L+UkZSiobryqqs=","QMRmj5qFmK4QxDW6FAKSR78r1PMMKge8tI3trqk0yOk=","mxYFALaX7jbHFejUS05/iFJQ95Ond8jsE5XEOvVtq4s=","+fIcqlNQ7YZIY/FJiRZtQcavp5QOezi2YlfTBjFYNsc=","PeydyQ+5C2BEWgR1cSr+w3AVk2bEaGDAVD1VLkuKLYk=","cEqN5WrryjY8T6SxJ/fDvTO9GaD30o0OV4/VHduntng=","uI0V2LLaPCIcHex/CvaJrmpumFCok2Uq0sgYJJqFreg=","AsfX6tPAkGVu1qWLrPdnSw5o0Fd7i9XSkF13+AMYGdU=","J4vYf7gnXA/G9MvkF5VAG7iNWBovgfZTZoEUxpztmjQ=","jW/fkoGMVpsnXQmtLm5Bxw+k0AWsgFy1GCwuUh81OdY=","EStAZh/LRMGGL5gUqXXnHxhFdKSJSM5feeCOJAqLWLY=","p9SlkjJiYymxKbKe8GyXWj87Bpp2ow/oURs2tkmVY8U=","67Oi4nDK0zCKTZjegStQmm4n+zfDrTt41GxhtHLYZPk=","fT2XGeUlcXPsOsrU9AYmlFx1SFgp9DCSafDjLX5bKpk=","vHaZrVj1X8RZD8skno5uU/chIwY780xRCekV4pa66GM=","FZVuWtWJPaZ/t16LhSU+s+P9X53RJjH7ExDFaAWBzZA=","k7d8rh/FS6EKR33a3US40i95JompAshZhO2TeRzMQ+A=","uCXkPKN+uZ/iPacFNy0PinyEKx/wjPIch0PtasFaUJY=","aMnDoz5A08reXn1UxDYFdaONtBwPTk0htAelwG6ywcs=","x8XdsZPkHcpnNV39sU+DID7UuMOzJZdlu+agVpI6boI=","gTgHPVJFvWIt+HkwvsdyCBYwwLxKEwSDwaK03TGmhJw=","khQ1aveuW3ZJDNqKiJdRTx8aaXv3HH5cueEfbluPfrQ=","/3h3cwdFfXDQiTovzKLzgeI00VD/SKAeNCh1xoq5dbU=","Lo8VqNwCQmxKAXjTsN6FVvZLuKDZaMx3TE8FWnDTJ5Y=","obr/w+bW698ct+hfiOEJgZggYlBSaVOZFilioDNjMHo=","O0VW9t0JtKieXBqr3Zr81Fnwg1Lm4jKw1ADhGQmJjGc=","242wfVWajJ2kEdHnmfalXf/9O7/huMJMnJyiHw2j5Ho=","+nlyI1Uepw5NWskkg32pmmlNCKw2qA0uZv8/cOIpADk=","OD2Cs4V9w47Gw7LFyfnesKhSx9JFFU++iiIKU0acVpw=","ErIGpb33OcLWMPGRtYLObjzqnjTAarMTjReJPp2fdAo=","1o+XXicNC0VImB/6QiNPR2sZ6C25VYEox3oNHAFi4TA=","GzFeFGe+72paM/eVchqyvyy/2XDC/B/OFC/q556HEyM=","oETyWZQXVOuUVAdXcR4USE26NQ6GScQxBkRx9AX4Y3E=","n7F2F0bh2AKy5BC3/+EsDL3+wS4tpNtL+01nqTH2Rjw=","3jJHmh6KpeadY1j60aRHkrOASHI1uSuH6FbbcKUfLjw=","/pS/dYt8ShYeslPXwF9pPKiDf0l+2n4IRt5KJPxIiSE=","ZovUHS5aaqAv431M1YXv0u2MsMxMQDL4qpwIjeUDJg4=","GxN3Iyr4HEVsr22Ki3SJ1hiHA6vpHR2PvCanVw1ab5s=","pkVfPWLzoKwBaTq6CgzIpFVDeiC1ZnaHWZyR1Edxib4=","eY6xBLJOwD2auvIXPoZTQLkA/29HeZnP/OVNcXS72cA=","tmGDCaJ745Tr+VZo/ND/xF7ZLAIrUsYP+H37gvnW2Po=","m0LLx5/fmBTgztajNXAuwciFA4tNO/BSKOT8VQCXoHQ=","Ve6wtgcW6giQMPv3GHTSyqthVtTJX7HP7NhR1Apbk9w=","9M9QZcnb+b8330LUGKaZrh4m4ON06EhEJbcpcRhopeM=","AeRJeC40E7ibYG+7gNga3oRFU0aornqjOqwrew/n+nc="],"block_size":4096,"path":"material_css_min.css"},{"block_hashes":["GS9zrcC9a2FLb+jMmxZLH0+zlZtIhpgsVkwyUTz6ukQ=","GhYdsi50uF9CxjFqoefieSwDertN7xsb0wbFdGr72To=","+GAx0IawMzRbsMb7hIFA9ASLfoXYFdyyuIkcasN9jZw=","KEamXNEMAgVnv95M8H0GndmSUk3M7D50blFxpaQQF0E=","a55Cqb7Uot3O7C6ekc+hN5LdzIp1cIGma8AT1CO1UaI=","eT5PLBqoMmP2P4S2HfktXTi00EemEnPANYxDx2o1Xnk=","nc9MxMDPozbn6hHKBFgg1+IUNA7Bef73Ff/HkVjizuM=","cuNi2cHITuxcdz9RsiY0/9KgK64NCACc4N7bU3ZE8ZU=","ZOiICNQXtWN2IJ2vW620uu3f3fKq6wKmln+nbEecMFE="],"block_size":4096,"path":"mirroring_cast_streaming.js"},{"block_hashes":["cComH9jmCnvMh3tyx7atfP/vnZZPvyQxNlOvuC7xF0c=","aQB+3kZTISaCqX1FbDXCCQtswrpE75ZdArUY5iaefdY=","xYv9DyFcSqpwCCfFZzEa9foDyT5L7eeP3M+GuhHmhpU=","88xTm/JFWBXeFVn6oI3ICPQ9FkxMdIiC0cInPWhpXJo=","DxpCeD5p8RGCtMIr4baGklR2bZG7d37RO2ZgSkruoaY=","ys+r0FV3wrI2j4lFJosXL0pPwVhhcwACxhRjzawqu0w=","5A2vgx/RKb6btztcdHPNfyPvx5/dom8E1XOeUGkYg8k=","1CQS+00eWQZ82Kh9adBuYEqOFLdb1zkLdmoxM6DI44k=","/6vSuC5X20XEJJPZEX1aSjvfd+0Ha3gdCIRlMDnUhyo=","VK2ycN4HeNGh23oUVGNd4PvXqA7mORlAVYUOqRVqP1c=","vqJGO0dwfNlgxYAdS9T5XxfPKnPKS/qMt6w2g0aKUSY=","DoVYo2jgXrXEF3vQmKy9UZ7CnOwM5ajudBRLatH9VIU=","7nE8ZqTVBrX1U7RHv5GCck073TOcdQHR9587HijHJ5g=","rBPppKXl8gc8cZb+15N5kFbM+9YjyG6WnOP8Jyd19gk=","RtaL8jcZHO6ayv56pVbJDlcFZpHC9mhBhkPzcr76Jg4=","efPSGSFmoUFwrej3S+GDqDlE+4NKtsWcMswgQxLhPoI=","rfnu6PHSvXtC9ubq1TN5a9xMb9r0eRMvmwlp97S79Fk=","KXVO+SjIp1pJIR8qPWKaxQPVds95A09VWQtldIzYo0Y=","DQZc5upzSBUsYumRLNrhXLgcogs0H73IkzDHuUK5WYo=","Paht7NDj9jbWmqCi0QNMFtsVpy7iFgxRz3p8AkSlrfM=","wss1qcXBCvYJYVow1b0m8bsvyhPMw4usHvxE07Yw+HQ=","8ZxviBxrTNeb2/t1RiyUq4JFs2jwYG78kYxSnGZG3Xs=","dstzzrBLF/SHzJaj4aA/0552IJvPvEX0Io8gGJLeGHE=","VEkujhKMlkn1DBXZ8DMMF9t0qPBoXApsygARKRyoLP0=","5Xx75bigPFUjNkoe7Ep6u6sd47gR4aUCfZQftANw+8c=","VE1sVkHmaS6vNHXSqxMJndlwapIjB6XOYuWWWpN4op4=","eaCQ3SbNeD7DhuwpSjIMCyub9lTPeObjclF+lCw/KFs=","PFdtYmysrsrYcHdDJfa/cEokF35tLlA2ns1NYeixviI=","iyzAE5kOD688LZEcWhwnYF2QwZqp0HwHQ2JIKxVvXhA=","mmaDZWPo5yne7ivOygeHuXuZ2achEoLkbuhzhBCd3E8=","eA2olboWjhktdugs7MVGgej6D11KSxYKx+Lyx2rFWLs=","Aa9yXYyw6kY89/V1YXQaOzYMwpNSKRPYfHI41DUvwno=","K8j2b7WIkpeTG4N2vuNP/PbEVEbzCCzpY+xJ+nDFnks=","ZjlySDdBLf8WSwSZu8way02TucZg/jxbRkm8qNilh6Y=","oGqsYQU8agAf09aGvgayWIEL8HT7ZhpYYoXMwols48o=","UJrzZPCnHaWrMt2vXLv77px0w6Lyi/qeJjUYZQkgBTI=","uNNpA6Fxx/HPGgZZNGrVtxwNaZSEzv5Vyq0HozaI9xc=","o3sB3gK3FpJNZLHLbnczloPq/nQGB6NifqZkMCI7Y4I=","lsu+g1wxyzB2K4AVnKTkSHC+h1193hyA/EEjapiaC3A=","2du4kgunr6oer7QN42yuOXRxLiVvcNixc+z1ruQUwcQ=","POgaNySnwxR2jXcEeqJeo3KQCbTLfs8sCpgxXXdHQDg=","rUl60+feC3/R2kLrsa8ejIQV2+nliPwpQnBlCwPAQPw=","m3jtNQifp6sbxx93EVAxT4D/ZSf+caHmT+W6EefVnrc=","+B74jxNIJUT4ABa1UR4heogqrLfVUOMDO9EV+1NPTyE=","14M9EMFkpNLpqwC26jkqxfbq6wk1kCsd4ZWWcSZkSfk=","GMpqlS6OH07qzRbe5fNxZSbqQR8m9MgR3H4IcwhdmrA=","fMyt9wKT1A84rW+V2ub23kh39gGaeV0g+XTbfN6GaKo=","OR9ImQE8GKAXGX116m4Mv047oQV2CCcHtXkSEEnfZkY=","dmlZSevDP004nOJfYPeYMoJNgWDT9fQXQnXF+WPle0U=","oG8bl87leu6ySlgQJUWc/tCMZXn+2F/W3RoaV5ZJuCo=","5Sz40zSUfHmkvSym13UywV7VkbkmELh/1XV9jQZOvS4=","+f+87LXOyjI0OLryFvSbmDLKoF5AAxi/rKqI2EbhMes=","o3/NW8BCY9UFLCa6KNAyJdk3xNoZl8JzMUjw0zPkCSs=","nPmW+91plmDckDPiUcLSdFiFhoO4tVU2v02l6S/zSbA=","mv12tCTcfhG75PGMAz22PsLe+jTWSGN8OSO+Ww2xnIw=","Nc9Mu2EJqWOzznMZaGtkAA4jomMMznpxEjR3I864jbA=","hon4tWR3qKxEJyPifkg+vs/w/VwNunZjhuaimzqitGs=","m6s7pGc0HzpdcppyWDDe6xL/skBBimx33V3Fqlk2/FY=","7EQXTiC/pF21ehHyT2Ms7cfIEM46IH6/XiHNWHSBMbs=","1wIG/eBSR3UBQs7qWYTQq5JwHZAWkpSlVGAh/YHZzR8=","35AjQc/0XHzLrrZGOP1ryGvDLHaA/vh9tSd3j8f2F3c=","CF3t3wOcAJa1cNZOwGkxGjEnjFNTqrACYywzscr+8mU="],"block_size":4096,"path":"mirroring_common.js"},{"block_hashes":["VUD0wFqMylpSrOug63fsXUmZHjia3DqxloHoLiPu3mU=","Pz2BsTk4ySaQyZrdvGEeftTP/YRBTZJSygrP6cidheU=","4v3DLMW6PeeVKjaURCZ4uj9JsGCyyFg/D4ubli/zdAs=","iqoMGKmcgx7Cxkv6UrGzRD5//utQWPKGrvo4BhsY0tQ=","oIrA0l3tmjGAwBiZZHVpEqjsGM7CzHNkPoCxSTVo3k0=","MpmPjoaSAaIa0iqfM3d8WFwmawa0E2lbZlSmYl8bFZI=","9uCASZyXUJB9drjjjHWYt1Y+jnCnxvSHmCdQjaS/dlA=","7h/nNPmHgMthxdqzW95p2AXucIPEQLKxF1QwLWcDVWM=","cthABHuUo+teoR2rdad6VXjdRER3iWWhg5NWIYEaexs=","vQA0lnwTbJE+KPgywgAutaEu9O0hqdY8MoT2pm5Azns=","ZUTPHr0GCB9MiiLGiU4+wqmbeAqfBWOilcG7zBzvpkg=","nBomN3L6CnTpWaCBFGF4VYDuM0qXU6fNKmTtYxmVcv8=","F7WtmQ7bhC6TlFFu8z2DjFsss/JnnVK2Rubfby5I7gU=","qm6l94EFZ0cOCpTsPx4ftmZXVkp5fHkr7OwUowD9Z9w=","kRl+HOVwFwFe1HhamOn7puWOXVw2RcqHmcTtBBnnT2E=","QejgZO9YkoO7B3VHoaTQTtM7P/xx/WCEi+4qJRfC6eg=","2pEJIF6XKjv60tZZRQsJryUUt6V/tyyvSLSKmwA6BJI=","C4OsO9osyCGKaK7YFagf3Xa6ApIjIKY70+Xdoy12z7k=","DcQAhKfgKEtmxa+XPOagIQJANp/I+8IYFbnzcDvOwWQ=","1E8nRZdHHZIvxjjLvqzajOX2eXcHCI3Km9mLPZxDnBs=","NmljTjbr/NS3yKF1IJe+UgDKbEfzJe4a0XLDLM1bG48=","BMd+1Q4EAkVZ1p9A9y/M/gNHD99QC2EeuwyJhq7wgX4=","IvctQKYxsGFFpd+0GCrb5V7iD2R3bOcBjK5ZExVFYgU=","oYRRQCtIH115skGgFUFv+ZCsgkZmmiEqfn3+T5fY9o8=","HaqIpcQI/1mq4t957cevLAS2+HYHhhn2T832dcDy7xw=","DF2AUUUFUtlXkUkos7mhq1z6LBJlyLXkPjqu8rZ5scQ=","ylwLPTeLr6HvDkc1s2MIB7Cue1eh46n8VUEykYetk/o=","7YAlCKyIlJV5t9Mj1k3ar/KJ1BeGfefXZxbD5vVl9+A=","kWys2qDBog8KEf1fHgF0Qesp3zfzb80R+tUq8V5XVuc=","DQ2T8GFyb1XmcF8LVSdFkQYVBUmEgYo54UpemAM17h8=","FjvQTmQeuMCmIggtz59nUdkXaNcHzXJqFgiMSpxVRqo=","oJ5+qDeOoOxlvxxIL2yA9DXvkyvgQ5gRE5DQGT1iwZw=","YdctVthAfzivH8qrbdd/d3TPSkXASfyiJyTFI4h3Xyo=","1615QoIiJk44K6+/Rpo/mjSOJ339j3kiBVSQ4Lr2BX4=","2latnzp4RfFUrO2hI4Zcu60txwvpRLjUraYqz0tUXgs=","tniP0C5vGiYv/zvAq6/5pZjF+mVfGZW0YWtHE8aboio=","lPsGRjMqZcliAsZvJNyQCB3T9/uVSbu6aJJPIOOoHTI=","547kGFGmZe1LRpeBlYpJB2xyKHQRWmWiKrSGj2x22Jo=","/8b+OPoHsGIkmAq2AsJJgDlBLVYe5Xs3ncPeArD/a54=","8M/2cz/2Nxkc9wDuCcgqLaRLAxnOiPd3f/eyFNYOaRI=","Ekb9bS0mNeLxuWmhAzFipu2v5x/FTI0CK3fD9F0Xhc8=","qPgIk5uGEd8XuGcdqemLWtjLvyFSayQGie8ZgwO742M=","brV+YbHYBupJ5Ej0dghiEZJHqyq2/7Mk6lPo7iiEXf0=","T01Eckx/NqScW9hGCGSjgoF6twPWtjkBxyDvXf3B+XE=","f+nAkmiqmvGwHeyypbI2vVjKQ6q/lTp6f0eDCcwPLf4=","VbWJx9cGJJ+1wgJt3jA0fwCr5nO3BAIT1Ymk0Ab3v54=","IhZLPTgeprMb5zzNAoMe9eboxEwpZkO2yWp/KfQwIaE=","oM5aa1RqOSq1WcJWcFEbX1z0rCMaNDRGiJPKsWcVUB0=","CyReym/XohtQ1vvSYPT26NkTls8mBV3CvsAvGDKoxYU=","9+eZPhAAfFWWiTybZ4jS/jlJYFHLiWM4FoGl+MibN+M=","LcNr+zxY2ngwJBwWD+kf7/CUcALPyA7qu7zY8UjFxEw=","be1qgCji23gPrO0C0hIxnSUC3Jpp4sR6EJFDzstoLeo=","bPK7IlNF80VIOTsxbvqlFxZcCxukqPNiyoggPxwnQuA=","UlMCWQbITWwsnxMjn4zFe8j4SAWJUNxeYRJQ63V2Blk=","WtUeWVvS6UbuEfBCz/aFn7yEVUfbnkmwS4aavwV9rGY=","rmanspAyynIaOI9kyeFFcOkz3xEhzCRm3KsSwYjEYtw=","C33aaVARAsSQ0xdu6MSUwr37DLrtKzM5AdoO/ZYuX1g=","a+azzdfEoSBWNKK/nnVtZ1j2Rl/FmK2OQeOszHf6jno=","3llIppGn9sCjQMFkQPEehHrYKlfF4BBtJ7IgIH6c7kc=","X+nQfaP8ga8+poBoLGzHPTMWmEqQis2rosy6E2S5n9s=","3cqKpy2L2ed8l0JZTIklcWcnFWtMpOo4mo7KTwNDzmo=","P4Fi/Q29QiY5LDJiWp0luibiHjryL0sGxsPYGzX6z+A=","/V+JD9UTv8ERg+81UWm/HEHQ7aTOEvvis4pThQ4UYIY=","YYXcU1I3gAAD+zU/VFlhH1fWkNRXeEuRSzwo0AEcWSI=","m/yZ9skhVctaLrv+sjTfOuAoZN++JfKBuikFyG57kck=","JCqovevvnpkCGPLR3TBiCc51/V2flJFbGHZnlRPfgx4=","0rbXqZliAzIa0y8EOFlS3jqVOuUuPEfcsRbsr8rX/rQ=","e33Ac43V2sO7UjKJh42cXGN/+0vKAHlTCQ7ITA4gSmA=","8+21XljRCKTK4Wa/rfDqVA6u8qG4kDw/ETD2F8aj2VA=","TIUTetWeIMxz6cUStLWmAwp2/tKmwj3aITpei+T3ZXM=","ng8Vh25LJoaRIJqesBvMHnOT+WPp2uPAHKA+mOk6x4o=","Jp+RCziaF05BQ8SGGJxhvy7NIpAmNufeFIfCG1nEzfI=","i+gChHAvlg+MCF277/ngGEDbmKwO4ppz963C9WL99J0=","Kd1720XRdc+UoSahnOb9V9YrrZxQarHwtjSIJ7ySCnk=","fsgYdULrE8pzB7aadO4w+YJF4HCiGE69Kj6+yPcAfRI=","cSLpJInBZurIv6THH/SWCPkedDZ75LDDkgFCDnjjlaQ=","wItfj3vJqrH1fdCeM2v9bl9DjavLGewIK4QOZ0CVFXk=","ZXnpF2w8XlRra7Dx/1whqyJdK9zKF4CFaPBz6qBFQQQ=","xcHhf6ajSLmWaYSURPGt5ZWbrsI/ADiSXy/Z46rrLUc=","tKmMOY+b+Yi0y1ZxYANba6ZKEIzEkZan0vNen9oUMcg=","dT5Ry33sGeAhO10I5mCV6mgntptgidOVDaGzSIaD/+0=","B/xQ1odWFuQvtFR7F5ZsaLPvEyu2aGaEyTPK9DU3XL0=","4IC5fVcaMCmbjxG+ZLNuGpPNdfY7STAqJUngAK8fKs8=","8uBRCVKXZsEBzW2tZjfkrZQsmlMs2SvmRZ5buK/hsM4=","UzjFbJRxiF0js/4hYZVSubKoqom/3aRyS+ooEWaF0M0=","chWuXsRQkK/lmOZp1WCy69ZIrtjpA/KZQ/CgWzSONuQ=","aLXff7JDFsbTPGFU75IabOBd54W0FdtUj5DEBqqPo/g=","ebuIrKz5So8OgSOp6P7CKmvtatCRW53T/O4VcZ9FWNs=","dz7yive5VkeqQFt6KHj/wqY1EjyY7hqKRaUTwfmehdI=","8WixA4ztKjAptS8smmt1tFc8bnKr3OmTn/hw/u3TofE=","L5YxsnuVDDteS/St7ZvauA2q2a2jWTc/CR0+Ss1U5J0=","i9lIhOlyoyO/A7ubNWff919qw7MPVOrfy9Mp2HeLUNI=","9yy0ZzxorsUM505/GgAK9Pf8u1UFsggcTeNpByk+T3g=","j+RCtK8zL8h0NAwYv9rh3YOBsoCqMMMIoDdBIaKKWPE=","tvc0js8u64oKw1Q6iGxsa7xxT33NB5jV67FZtL5ks0g=","gs0VO08+Gu2TB0UrD6yPMGVth1TQqjfE81jccvxRA7U=","b4qilNRM69f+Q09BcRGKSl8Vp7nNiJ1wLP8rDFr8tkg=","3Q0RHgKLlwE5mYkPys06l2rrKy4jrBvRsxzqMUNM4Sc=","vxQCghRRntOcHlXaDpdQOttLVbCZ5lu2p1KYbKNRzqY=","qPY9vn2NEaYxFJB4qwXesFBddCqX9A16khMqiT/9LCQ=","9QeAzTdxB4wMG2y67p3VVfmw1e3xLZP8tdS1Bu/Mw0A=","knnJPNZ5tzkdscw5n5LK0ODMATJbWuPo02ZjLi+7rRE=","eXt7QiMAVM7k44COxGJvygFPZv2jguC1jfI11NtIasc=","cnSrnWiCPVKJK4J7/JdAxwIM0Zd3IuSzyGNBmkkK+fA=","Cyo0qExKwd/NJFLJSpyGcGHtc/SZM9mF9GzaABIiIR4=","i4EjjaXWHN4hg0j610XEahsCB5vMVE6SuiMs3Tvif2I=","ZVAGqzeHay3L+DXarBwntO94SY06CkMrGtJN1sdetDI=","ztlkd002hjo0PiKTq0CLOMc9iYwK90QWQbSl/ce26C4=","dbqNID58MMFCrhElA5co00tYQYtlQS+G9LalpwRiX3I=","X5Z5XmS7yHMzNhq7GiCcM68lcEWe0ibypxR40Nzw/U4=","WvScUfd3umXqoLxtm1YqaIg/ZXddr0C+lTFQfbzglnI=","C2mc25I5KrhUpBkLKf4zjD/aTTheiAtsccIkaOyXm54=","uw5OygIyBEPNzuRr+gbgGYAa7OWUOGz2GhEk60YgupQ=","pUYEp6o+G1PKRualWBwRQBhgIpTtTvRG55p1P3y+ZK4=","qBbap+b5ZNho+GdpJgIhuuDqNsgHsm5Yf899qhe0Wuc=","zfCRMsVgebSRNsIeeRsyCJsEQ1JtKetLJKDNa94QZkg=","+zZl/dVsYApRSHnTgZP3ZoPjAGYrD5sU41dq59C40FQ=","qftjmdXbIJf5IM98qo0Shth0A0zThpLwRAfaaOcmh3A=","o2nq5Pdj4hVVZh1VNOMlsoL+K/cdNRPwkt7M9hVEIBE=","fg77oNvS8WbE83KmCFKtBvRriu2tLpZXTwb/tuonpgM=","dtT5ZNULCC9sVheuX0ftL32tvNYKFpOAI+gA9t6dF5w=","M2eNCl+OPKv5gV9eT3uwSgadCLj13HoaYrRUe3O3uug=","77hETfZbNKzly7c0/uZ7Lw1agNIc11nYg7PjdBEjsYg=","W/x3CRXul0tANar1dpuwt5YGzggWIizGrtq1eoef08k=","SFXjg4KdiIeADZRxrMQIutQmUt84atQHD6mz+6Ua2Oo=","J7jNpa1XaB5QzEJ+/Ybetf6hdyvETeE23fVXJCdZvFI=","S8Chz9TX4Zx4y82FsSEJYuoTT5QI6huyC1t2a3ePAs4=","x9JHvGsUD7O5l1rv6HuKgn4dMF5VjyVlODFqLlNvOec=","GS0p5Dz+ZwEoqn0Qr1Dj9pXL6CeLym4ZCkcBS+/XvuM=","9jkg+hRK3EXs3clVPDOa4opTGER7GkpsvgoDi711zYA=","EPdI5CGNre+jYxu1xsTaXUBCXC4uspVi9EiA1hFohXo=","9YF3COzp1AF4iObus+gfdYhRws9q7be4rcg/XWvCyCs=","+qPGuVKCyZJcj3rbceH+fNRAKhIWJCLINPNVXHzChuI=","QGwuEG/P8Zs4SaUJkEkFVDPKn57t52CaayVtD4clUqQ=","HW53BPUqdbdGcnmn29DLVJevYp07/B5dCGF/ioRMLok=","FuWafEFdHDeV6QmGACnJH+rssKHyPS+uBgY9vTypDwo=","zGreZ25v/jppOfb1cWJO+J2o4rLKgbtoB2MAezOHKTw=","4TVETygwtVFR64YH+1MD31v3JYToxypZprYw3/0OlRM=","LnFcrrNSWvVJ339RxYKKH5/JLPgU5ghiQX2nEf75Ajs="],"block_size":4096,"path":"mirroring_hangouts.js"},{"block_hashes":["sTpDo1kTFgLqokUu1cWF5XURQ8LzMmglQ6XJJcD8f2k="],"block_size":4096,"path":"mirroring_webrtc.js"}],"version":2}